{"cameraMode":{"drawMode":0,"name":"Shaded","section":"Shading Mode"},"sceneLighting":true,"audioPlay":false,"sceneViewState":{"m_AlwaysRefresh":false,"showFog":true,"showSkybox":true,"showFlares":true,"showImageEffects":true,"showParticleSystems":true,"showVisualEffectGraphs":true,"m_FxEnabled":true},"in2DMode":false,"pivot":{"x":375.80682373046877,"y":-508.89971923828127,"z":2221.606201171875},"rotation":{"x":0.12597286701202393,"y":-0.004468523897230625,"z":0.0005677928566001356,"w":0.9920255541801453},"size":2053.2373046875,"orthographic":false}